{"logistic_C0.001": 0.63079784611511, "logistic_C0.01": 0.63079784611511, "logistic_C0.1": 0.63079784611511, "logistic_C1": 0.63079784611511, "logistic_C10": 0.63079784611511, "logistic_C100": 0.63079784611511}